ID,Group,Time,Condition,L1_Req,L1_Calque,Latency,Fluency,N400
1,CG,T1,Control,4.999153263478009,4.129990677241247,723.5338261057817,100.0,2.3526325089676474
1,CG,T1,Mismatch,16.20690012966044,10.790408064146883,1865.768803225553,47.8555666674403,8.207086881642958
1,CG,T1,Target,10.485559046331627,5.863831252430997,1285.7034670824844,86.88706243322027,3.61135712446426
1,CG,T2,Control,4.7061156846564,5.565342917394288,823.1522456013304,93.29197472615013,3.2588219531086757
1,CG,T2,Mismatch,11.833938202971872,15.922419109305608,1882.4732657563243,36.09849812583612,9.502964254418092
1,CG,T2,Target,7.427223637320457,10.569268821382261,1179.9079060316672,71.63645641905676,6.0196433322313485
1,CG,T3,Control,5.338369078375691,3.2449629625509706,630.8745033320199,74.83661457353084,2.1835906739747895
1,CG,T3,Mismatch,11.575707656308571,8.884519910791138,1667.895378104081,29.739846959769125,4.13969092849773
1,CG,T3,Target,8.954773848665214,5.250262529037742,1113.1401542749525,52.624894401498224,3.1778985725421505
2,CG,T1,Control,4.810993776985727,3.4185965598964763,620.2244918275292,86.07193866419729,1.699736955100695
2,CG,T1,Mismatch,10.778099031032745,6.893520741718786,1898.6277142538843,26.1729170037557,6.2137094476037085
2,CG,T1,Target,7.769232054280779,5.46891455762282,1207.4103594898195,66.1303752111898,3.576838073721705
2,CG,T2,Control,8.116618720358264,3.4750972197791477,653.1571508779241,88.16168766132364,2.5543707055030254
2,CG,T2,Mismatch,17.321524013051423,8.36698248295109,1642.980358392348,32.78397171946876,6.943524985124858
2,CG,T2,Target,11.01782610501124,6.035384114941001,1149.2191325626097,62.53312616708874,5.106845449499028
2,CG,T3,Control,5.608346093615321,1.858193649663907,673.5970796677416,91.97328825591856,1.7626383620552923
2,CG,T3,Mismatch,13.483453292966157,5.651094947911786,1744.7961604009845,36.48192519376023,7.466113054422865
2,CG,T3,Target,9.22969475752888,3.7260120126017062,1172.1101040329968,70.32284245048625,4.444151518513221
3,CG,T1,Control,3.2239811059235874,5.481031544679924,623.0479425003158,88.35239584267282,3.194116157449825
3,CG,T1,Mismatch,10.880564152261949,17.85977717475412,1696.5145768886111,35.19424969497892,9.081071342607215
3,CG,T1,Target,8.028041556604737,10.996223618312126,1122.71248981404,61.1397215138208,5.301695329778041
3,CG,T2,Control,3.7710273313638205,4.564907275458681,474.1738125181103,76.57099805320108,3.408837404918269
3,CG,T2,Mismatch,7.963523311907416,11.112619026416207,1285.042628462935,39.797929152331776,8.133627192951057
3,CG,T2,Target,5.483540828778339,6.499482265081996,835.3041981027976,64.57605229609953,4.193749391662894
3,CG,T3,Control,6.461746402044685,5.473912675443975,577.8271826940796,93.90900517927635,1.0026546996544985
3,CG,T3,Mismatch,14.995032263953256,9.143896626272845,1686.4447288691067,33.462249035050206,3.13312977750585
3,CG,T3,Target,9.427368455891036,7.120430726582987,1107.0090415039522,76.38710831148788,3.6981582102172643
4,CG,T1,Control,4.6849139886908135,2.72116327670504,638.0832124741223,100.0,1.1036581056222163
4,CG,T1,Mismatch,10.401841248747346,8.392279128735286,1936.8587236839924,42.770354542999705,4.6983822984857895
4,CG,T1,Target,6.387926214047195,6.237405781848624,1348.284705744311,82.73260077500662,5.362833755298036
4,CG,T2,Control,7.261904278042488,3.6863329687466018,685.999359701821,100.0,3.0032890844496167
4,CG,T2,Mismatch,13.338802793487403,8.233011452671832,1706.0962006710802,33.018385080017154,10.920048632828387
4,CG,T2,Target,9.383302053856035,5.1242959808234545,934.7499432749041,73.46187076536029,6.700373290839674
4,CG,T3,Control,5.860707006696433,3.2447764066503475,609.9972507260065,97.76931873100004,2.7548728413815162
4,CG,T3,Mismatch,16.257984847698978,8.64650977951931,1611.5847972485324,36.61322376895496,9.973037860975396
4,CG,T3,Target,10.005858555320874,5.49897985920959,1089.8073253471816,73.86691796293806,6.433153157062956
5,CG,T1,Control,6.032703916188538,4.116176455559039,516.2529060899404,77.07761021444533,5.435338271174626
5,CG,T1,Mismatch,13.357815700032127,9.714986932258107,1465.0801683369427,38.98383925713053,8.893540372266068
5,CG,T1,Target,8.846865798752235,6.767056252430687,970.4574697891317,65.96179055765408,6.980541302121169
5,CG,T2,Control,7.551425645799295,5.22353067747003,768.2753672784452,100.0,0.8339479572243953
5,CG,T2,Mismatch,18.089130441287672,9.15286553930374,1817.9873682068237,31.67762989861803,6.274490012256459
5,CG,T2,Target,11.374818456262396,7.1562391682745,1246.818298333308,73.86747886678071,4.266078024733216
5,CG,T3,Control,6.464520294530673,6.463749852298534,751.2588878059851,100.0,0.2469846142943961
5,CG,T3,Mismatch,13.740329056451277,15.20831758895807,1670.1898135955773,35.752246189855825,2.235405471774296
5,CG,T3,Target,10.036211047655847,8.92256627203348,1106.8222440802717,82.09630207984415,1.1702183787847895
6,CG,T1,Control,5.345024794946273,3.795079957786518,685.7133127978296,100.0,0.9888483345208745
6,CG,T1,Mismatch,15.954153808942003,8.725857856636857,1650.4965101229345,28.992556634984627,3.5678434290666945
6,CG,T1,Target,11.237338925049183,9.205482780151113,1220.749647611679,66.46786945948992,2.4874968303194094
6,CG,T2,Control,3.7575602967225836,3.5862172853554215,923.3793926274939,100.0,1.4698867402034215
6,CG,T2,Mismatch,11.872711422092818,11.70636481489165,2129.8239797929205,27.505776656335986,6.01669670181988
6,CG,T2,Target,7.449331657872148,7.510237613923796,1231.441462782414,59.51861202685587,5.871506645572176
6,CG,T3,Control,4.07777153992549,4.933909804158858,708.9383059267464,91.81238601430458,3.906098543654941
6,CG,T3,Mismatch,11.690618271665024,13.070039142978572,1759.3641944332765,34.19989127039905,8.727942626905802
6,CG,T3,Target,7.7674774518880545,8.961697518517859,1133.4557910785497,67.09280354728348,4.718657759662712
7,CG,T1,Control,5.885161290271782,4.807121042972018,557.6083829633968,100.0,3.2018484694984695
7,CG,T1,Mismatch,14.324978477311097,12.021725921263311,1644.3444209579452,36.415873442895105,6.36055942138457
7,CG,T1,Target,8.665447446535822,9.384214388511003,1045.8753709523614,77.84454437187082,6.209732507595174
7,CG,T2,Control,2.8029874849797625,4.605133776375413,797.0471130806591,85.34064928927341,2.7745185751963537
7,CG,T2,Mismatch,7.7312708690221035,11.461351144412715,1723.0437573026438,24.980123131698345,7.772242684277736
7,CG,T2,Target,4.663992783709744,7.662438373027283,1169.695746006559,69.58005172412192,4.888787398822025
7,CG,T3,Control,1.9903931975049038,3.1104267422765544,723.0149238618827,95.01909841565025,4.4489542149613035
7,CG,T3,Mismatch,8.422675130729534,8.933393646646708,1718.5932374134597,35.424849875543316,8.106168655226558
7,CG,T3,Target,6.243453316205313,4.447491165983299,1113.8496485081437,63.939155730612576,4.82514052700451
8,CG,T1,Control,6.694544586549349,6.52199245899336,781.9668444467175,100.0,4.839634049485605
8,CG,T1,Mismatch,15.716734416547618,15.215254828567641,1756.8407122460158,28.998158407322162,7.596114928219426
8,CG,T1,Target,9.772870379208578,11.202845635350531,1132.5954643984408,77.00832279875638,4.453132819435473
8,CG,T2,Control,1.2712702455960447,3.4543982402980418,703.6519627574282,100.0,3.5541268851413643
8,CG,T2,Mismatch,3.6549700143744186,10.404696270886635,1712.834761360361,47.8363101621773,9.097603268344802
8,CG,T2,Target,5.1120547083737735,7.25169652272988,1096.4964036770189,85.63735006768027,5.056920323607438
8,CG,T3,Control,5.816474832676999,4.659174371531274,530.1487631795209,100.0,4.631878716727244
8,CG,T3,Mismatch,13.95436543308273,10.010476016963445,1439.0423253281826,35.391219669623794,9.087431835611486
8,CG,T3,Target,7.503277734390237,6.0507513664955805,981.8394541008669,73.23461051885046,7.33346548420429
9,CG,T1,Control,7.890228802504467,2.3452509183158883,753.5662209774713,83.41195215179803,4.536018926419309
9,CG,T1,Mismatch,16.477338814749658,8.774823565996872,2081.275972041371,34.443516150171256,10.014351738251698
9,CG,T1,Target,10.855561841645729,5.306062690934371,1406.3806583456717,53.492511087769714,6.221592707064716
9,CG,T2,Control,8.600618229736837,3.9248966535047547,524.681861003478,93.63203561139781,1.347955865877801
9,CG,T2,Mismatch,20.501837758363013,7.353281268845042,1613.8190014659374,37.55625053632189,5.536445877819309
9,CG,T2,Target,16.038261544801813,4.4566907336196495,930.5069803316212,79.81848272828684,4.22897453947186
9,CG,T3,Control,2.835657313612441,4.719420241874707,591.8944387386016,100.0,1.6675711719181083
9,CG,T3,Mismatch,6.612585176223803,10.31516286965057,1500.994270347572,35.531922689193294,6.219529673611841
9,CG,T3,Target,2.6752586730285532,6.794321412885566,932.970918060045,78.0856683036645,4.374368973049691
10,CG,T1,Control,6.420578457776627,1.1125234686496581,618.1813795884816,100.0,2.015375995778812
10,CG,T1,Mismatch,19.50213249747995,8.960912932132779,1752.9604831200818,37.83924126112184,6.964627389475316
10,CG,T1,Target,12.662164979011546,5.182809022997773,1154.6825302526497,66.54283588368658,2.739612094532654
10,CG,T2,Control,5.246135216400695,6.512583252705974,656.5422171538119,93.86590088098808,3.743989719237404
10,CG,T2,Mismatch,12.904052573174251,14.969280294056686,1347.990281892626,25.253100479044036,9.386918979827433
10,CG,T2,Target,9.342351163257609,9.005795480359373,869.2883260295041,65.07438830543336,4.953328828960871
10,CG,T3,Control,6.046199287641929,2.6164476236495147,578.9684868602244,100.0,3.007815312755222
10,CG,T3,Mismatch,14.114052264993012,6.842596174011433,1363.8369628612995,44.77532092993185,8.641709842444861
10,CG,T3,Target,9.87055660919629,3.4515882453693756,860.9509294908198,72.9041161414974,5.858090895082394
11,CG,T1,Control,5.916706997637842,5.604402975106427,577.0642952247618,100.0,3.523421571371499
11,CG,T1,Mismatch,14.74070007179629,10.84324503762859,1467.745948950271,23.49111417269626,7.792763445457208
11,CG,T1,Target,9.521322101702017,8.041206776130384,1171.8572925865892,82.24293222255679,5.965806370724377
11,CG,T2,Control,4.45445631111729,6.184593506722791,699.0339520459438,87.07669190311493,4.276375614190763
11,CG,T2,Mismatch,10.045494037872466,17.378353358202677,1712.2853611092223,30.772820385363016,11.82252935566304
11,CG,T2,Target,6.547181226982614,10.670150655199453,1312.5704786734213,66.9995388719153,5.4495021590140595
11,CG,T3,Control,3.428018823234518,4.313007167821667,791.7219183278204,86.92490349393911,4.4549509565210474
11,CG,T3,Mismatch,9.986819260915619,12.849249343297831,1887.6951627755448,35.44106420244533,9.37676373808852
11,CG,T3,Target,6.141759618531917,9.478157733518332,1277.694591751429,68.3384269298353,6.403300025427898
12,CG,T1,Control,7.219370152640987,6.072882195327811,801.8449151461355,86.98788409254291,0.05807624463905503
12,CG,T1,Mismatch,14.526172788396536,15.536396939739324,2154.6381939027115,30.661013819691583,7.113631055969566
12,CG,T1,Target,10.780390017713362,7.3434074846157795,1395.414575484434,58.08283509635705,3.2487207057177505
12,CG,T2,Control,4.18901615464944,3.5912573197806585,626.0908857819851,100.0,4.845884785346328
12,CG,T2,Mismatch,8.78297735003893,6.655638230128076,1774.9851132380948,35.716543979096215,9.878719214976934
12,CG,T2,Target,5.227447243540637,4.767358682917927,1125.1744090629697,73.29871253942791,6.320012016414091
12,CG,T3,Control,5.962416853403165,3.1489750528648734,758.4916247513432,100.0,3.9670741164164265
12,CG,T3,Mismatch,16.313909250430164,9.425685778284059,2052.8846677758534,20.57581083764535,12.607252105738198
12,CG,T3,Target,10.113929553076312,7.792640623147964,1321.3839198103517,71.17388945070984,10.16001125056139
13,CG,T1,Control,6.198418334833055,3.2475336772760572,533.4816513946215,100.0,3.6954373142655115
13,CG,T1,Mismatch,16.21588897426863,8.20565216886748,1521.45467146539,49.140329477359145,7.697117746605304
13,CG,T1,Target,9.214993848425234,4.453269802793017,1014.935004337981,72.96364619469671,4.9844500453853975
13,CG,T2,Control,6.228802005284314,4.998853377515067,675.2577472012654,85.70546633177044,2.6996907476014416
13,CG,T2,Mismatch,16.437338018254252,11.608421785967561,1632.6959659261975,35.40339265270518,4.949275472146344
13,CG,T2,Target,10.239334660562568,7.238300709775896,1057.8681919933676,58.003291317447385,2.4681760348550545
13,CG,T3,Control,3.089983784872614,6.2662901765176935,766.3485735208595,85.45888033975942,3.5253117950133768
13,CG,T3,Mismatch,8.61204384258079,11.616022267412738,1688.8076040163892,24.584246756590893,8.699500567612914
13,CG,T3,Target,6.12521081230041,8.429693142724114,1155.6952729026912,57.53561583786532,5.494328010461609
14,CG,T1,Control,4.902286674558141,3.2524599718446128,823.1186330530895,89.56726233160923,1.2125640477979442
14,CG,T1,Mismatch,14.538277831780734,7.083505584195066,1815.789564966823,36.68279319270903,4.145798797299248
14,CG,T1,Target,11.561130673920488,4.114221864814065,1121.2737105872623,71.64291158911766,5.188734501836825
14,CG,T2,Control,6.232876858030413,5.4916108792625735,798.5508624465126,100.0,2.4962280380529047
14,CG,T2,Mismatch,13.398766871698639,12.276454004139907,1819.9318817180758,42.39314109339799,4.282559379155031
14,CG,T2,Target,10.006796723191357,7.5716948481255955,1358.0940070610131,76.29247873409463,2.861970658378284
14,CG,T3,Control,3.2454883091459426,4.668101305809853,726.9063074234132,100.0,6.7108943903419025
14,CG,T3,Mismatch,8.571041847040156,11.204443592461017,1871.0053197574045,31.81667443014959,13.4244670126826
14,CG,T3,Target,5.029329680003777,8.304133697044971,1196.4287044283144,73.0504974834839,11.654767166133459
15,CG,T1,Control,6.004459570179961,5.531813664938803,696.652537366587,100.0,3.496740324753866
15,CG,T1,Mismatch,14.206210020072842,14.918595475023066,2073.1336890336765,38.63732699984555,7.264102430669508
15,CG,T1,Target,11.715975872742433,11.537706770482918,1259.2440909620884,65.52693980734546,4.810235876546762
15,CG,T2,Control,7.984539842141221,2.906598711062042,768.1878193677275,87.89335442651299,3.765562343870968
15,CG,T2,Mismatch,16.20275883008933,6.8153914340758215,1658.0406128384577,40.83365882967318,7.811095656596141
15,CG,T2,Target,10.48382047970715,5.591989941592191,993.0050987259656,67.93904513225368,5.102252635570603
15,CG,T3,Control,7.011013899916607,0.07343060717669525,755.4622671361437,79.86262941374265,0.4066022119347763
15,CG,T3,Mismatch,22.033419900169466,3.999499829510501,1757.7156526480208,21.648155248891946,7.461318662303953
15,CG,T3,Target,12.833076297347962,2.477966315116197,1151.931040964881,57.386568337163375,4.3740251721466965
16,CG,T1,Control,7.7521886585877455,4.834924602304386,682.0832892192411,87.12132240378328,3.4877035329144404
16,CG,T1,Mismatch,17.12362569455212,11.471293715346857,1606.5565563362106,29.38574220406432,9.269372494081452
16,CG,T1,Target,12.00185699046676,9.047497868157278,1024.3270470133934,66.21608603223032,6.3178945044216945
16,CG,T2,Control,3.4359236785382223,2.3238120473483987,618.2278972235792,87.06871746966226,4.803940939056702
16,CG,T2,Mismatch,11.379572387054589,10.679055120477443,1630.3514985202778,32.55187136229556,13.459489264166878
16,CG,T2,Target,7.125345199802997,7.079599697070024,1193.5032767749274,54.52831076605824,7.640157687521939
16,CG,T3,Control,5.978869356697156,1.904275795930777,613.3470069139496,93.32152601525857,3.5906367885892494
16,CG,T3,Mismatch,13.809941046552577,1.7160906340759539,1753.5293366413557,31.247139847618577,8.458720932690634
16,CG,T3,Target,9.204030502903104,1.4162264022161042,1169.6165416241734,65.5980277031989,6.8113944212822926
17,CG,T1,Control,5.497056295064839,4.2972244422326735,783.0618693047993,100.0,1.3065594478350846
17,CG,T1,Mismatch,10.957948398931174,10.177313100857262,1870.5565235441131,37.33699483110978,5.996395522579312
17,CG,T1,Target,6.941755004379583,7.6499949146522646,1083.8539483349487,69.44284810384434,3.0812758766056993
17,CG,T2,Control,5.599784096171903,4.498270271338042,555.759225175928,100.0,3.6073352796935394
17,CG,T2,Mismatch,12.68922506289295,10.358371214705786,1594.974286350825,40.33151678161022,7.9430561962965385
17,CG,T2,Target,7.990242178321716,6.377334226713836,1086.9544043563487,77.02427395028992,4.069159551072653
17,CG,T3,Control,4.148396910026209,4.361229420040272,900.6923959526815,100.0,2.173169377898195
17,CG,T3,Mismatch,9.071363827605607,13.538900722427588,2163.933826386565,43.95129874243785,4.786482823178593
17,CG,T3,Target,5.256951147498911,8.379884520412302,1346.1977932380396,90.50350033872562,4.401016769322086
18,CG,T1,Control,6.195164790680042,7.068436845186481,647.39985040051,100.0,3.961299403810249
18,CG,T1,Mismatch,11.878807612573427,13.63107427667235,1604.9727861439724,37.137593283131416,8.62618548004052
18,CG,T1,Target,6.362525914063025,9.854101390139014,1017.5547572824231,67.15135063696972,7.929940970241731
18,CG,T2,Control,4.048537125257828,4.040333422730119,392.34122043769173,81.97350883142038,2.834917100535648
18,CG,T2,Mismatch,8.857756405195776,8.803263407629839,1051.1418292329172,33.75003739426225,5.70436767116101
18,CG,T2,Target,6.3417161316015145,6.605260565578593,784.0762423890081,67.27596551189274,4.9555609393227495
18,CG,T3,Control,2.424685338439873,5.161127953114664,568.6120479648304,97.95754193800218,4.302673463132774
18,CG,T3,Mismatch,8.976793531960215,15.160017792704467,1275.0874873502844,32.32518247114668,8.133097159318895
18,CG,T3,Target,5.182394335091775,10.987865977369534,973.3336314192907,73.60882832085032,5.314167373721696
19,CG,T1,Control,7.8359884277862,1.9509084899294393,803.8166448535878,99.61723240910604,1.4728352121591355
19,CG,T1,Mismatch,18.442783355087137,7.141920763427653,1885.5946630356727,22.34100555025516,4.401460485686493
19,CG,T1,Target,12.441516626353765,3.378787980943108,1328.0160141998883,67.56207578110364,3.62343502155257
19,CG,T2,Control,6.2615770208940305,5.716824415744125,553.1482518358082,98.0928475370438,2.193791691474935
19,CG,T2,Mismatch,13.924315824252837,10.543685470570331,1671.7333962219377,46.8035283928852,6.818339790551762
19,CG,T2,Target,9.878546642919511,7.262665152687793,1038.9129858722615,77.62936582456267,2.622293417911185
19,CG,T3,Control,5.5318935538025675,7.631403728211212,855.4102604959656,83.04651149840622,5.704466160554019
19,CG,T3,Mismatch,12.678330809091214,11.614871050334292,2063.4828293027563,31.235251531319516,12.396802964709494
19,CG,T3,Target,10.207841534379696,8.085148665534001,1437.2638158624143,61.630982761117735,8.191092985355688
20,CG,T1,Control,1.6076912112655826,2.730420435260748,735.5635032500313,100.0,2.166646978527094
20,CG,T1,Mismatch,6.977461335151874,8.710621026666503,1819.2466634501368,32.61472266134213,6.897607228850988
20,CG,T1,Target,4.13096867868598,6.935339292206064,1257.8623627540096,62.56310027835318,5.161478807138796
20,CG,T2,Control,3.1842561569146985,3.418397788472547,613.909517442787,100.0,3.4552684464640477
20,CG,T2,Mismatch,12.486079007089991,9.48284054108022,1491.2338481756515,31.86657883067933,7.650141616954712
20,CG,T2,Target,8.402785801824601,4.909083584051732,1090.9458946751843,78.1118286178417,4.286264677701538
20,CG,T3,Control,3.267563291048529,4.656670414576102,664.8595103548231,100.0,3.3145514560920804
20,CG,T3,Mismatch,11.008955043894218,12.219702975475615,1667.4460063018487,42.12470170647861,7.4980041809105105
20,CG,T3,Target,6.898859345583331,9.575077628870309,1127.1415666283547,65.99439772991342,4.618286088604757
21,CG,T1,Control,5.969569873678081,3.262181351619273,668.4895774623191,100.0,2.3353468847895993
21,CG,T1,Mismatch,9.66958309514127,9.032554535364872,1921.9335674586944,33.70847486020831,9.154015591919835
21,CG,T1,Target,7.239265836950821,5.849644258547681,1245.7745553221669,82.82434265921404,4.972971812214419
21,CG,T2,Control,5.116233312170125,5.003553036876107,636.1769101721981,100.0,2.8639392710397646
21,CG,T2,Mismatch,15.296865572403819,14.253363151538244,1600.563055182171,36.294773545134746,7.598080186327383
21,CG,T2,Target,9.919324664688862,10.75990417598517,1078.9448099905271,82.1939226097888,3.5122915442133023
21,CG,T3,Control,5.2322794548705,4.397624676539792,729.5351083155635,100.0,4.918654599816731
21,CG,T3,Mismatch,11.986840831381173,14.376901812742963,1873.6726363350413,46.45587609355849,10.669290285702916
21,CG,T3,Target,7.860610336280807,9.375968327150346,1295.4767409911549,86.74504707602176,7.175366395543393
22,CG,T1,Control,3.914857963932371,5.497734290937419,695.4545287057583,95.23730485710094,2.5640300374776785
22,CG,T1,Mismatch,14.894483755192415,12.285775878963612,1821.33424360839,36.28514629089569,8.36841431563388
22,CG,T1,Target,8.767950951625071,8.76896954239534,930.72699152575,74.50775950183278,2.3990694637134142
22,CG,T2,Control,4.164521293551699,4.640475050796801,560.2847844045575,100.0,2.365403848823275
22,CG,T2,Mismatch,13.142250949541024,12.06208353054414,1539.238441846215,47.57043430088052,4.877639759328019
22,CG,T2,Target,10.235989431280682,8.214167148915944,955.3084655058659,87.19046094701224,3.8630870769483443
22,CG,T3,Control,3.6264825101271665,4.141676926634187,747.6454595134846,100.0,3.9172703052835063
22,CG,T3,Mismatch,8.653494926456945,12.373667548383102,1855.0840568919427,36.680760711385936,8.506047017079329
22,CG,T3,Target,4.531258361933652,10.031587294022172,1196.0925648225273,69.90874807343286,6.334733880476475
23,CG,T1,Control,5.6920235841928095,3.6904283568088365,704.3653275420373,91.13499186457784,4.844003332121951
23,CG,T1,Mismatch,13.397163261639175,6.83894511517804,1711.0768964805006,36.09481542035401,10.300624999729234
23,CG,T1,Target,9.665827555418495,6.209459991270554,1268.274841423143,71.15674566543264,6.7773802814807045
23,CG,T2,Control,3.9127784112646897,4.25957191647778,617.954436213192,94.92180790036846,1.7868329112087151
23,CG,T2,Mismatch,11.518331465115788,7.525945636495944,1607.7917368535423,35.13073401125894,7.361092325974832
23,CG,T2,Target,8.604524527739322,5.519969560818226,1062.5154943947243,78.08469245235402,4.813859708841151
23,CG,T3,Control,3.4859637446576275,2.3630822624185868,688.9571471417872,95.09675508860944,3.5843962250955275
23,CG,T3,Mismatch,10.656802533638158,10.898831844245581,1680.4169823602551,36.88319397378991,6.15401862637018
23,CG,T3,Target,6.6163493000380855,7.388950161797635,1168.8850273949427,71.02512793704214,2.754183698712393
24,CG,T1,Control,4.9078581069613305,3.145555502054845,617.8784217468888,90.51401710252233,2.449859749497714
24,CG,T1,Mismatch,13.545349487258589,5.205165599231929,1468.4994087379448,26.392472110581867,8.221772740080196
24,CG,T1,Target,9.579010722239412,4.603123502274501,919.488790827917,68.28083942619301,5.7430950825572555
24,CG,T2,Control,6.981734166908325,6.1593315306822145,777.1807549380231,98.25960198804475,3.5553859853735466
24,CG,T2,Mismatch,14.068365670804981,16.46456369013268,1842.242598488244,41.65365331322178,7.291473527999851
24,CG,T2,Target,8.483864490892298,9.882528809737936,1256.6512125227232,81.94614248558717,4.171524784519942
24,CG,T3,Control,3.3629465381838464,2.954699732990269,626.6193591962561,95.6540794473182,1.5617933791034802
24,CG,T3,Mismatch,9.058229486872989,11.105159321056853,1806.6448678352956,33.77136373092695,7.290703168919743
24,CG,T3,Target,5.845475111284449,5.7017010589845665,1096.889213772032,81.80737826733738,3.879991735170064
25,CG,T1,Control,5.81968658807429,4.992878864540414,578.9848841631665,100.0,3.6362248737619067
25,CG,T1,Mismatch,14.875304084734477,15.566203814562735,1759.3954910339849,37.68903054655416,9.06948964341801
25,CG,T1,Target,10.49336826992425,10.251027491208571,1160.729246319609,73.52327619519133,6.554518168885333
25,CG,T2,Control,5.612656690607217,4.916209351848859,718.5486667726129,100.0,1.5650146279600095
25,CG,T2,Mismatch,12.218117461013316,9.637923777692883,1640.4332433951727,43.71209480104385,7.13329081008995
25,CG,T2,Target,8.677983184804567,8.556351862368222,1161.4363354288223,76.6497263451111,5.2113543000533955
25,CG,T3,Control,5.146275331767622,5.61499656574989,764.0522150045562,100.0,3.9986813728072534
25,CG,T3,Mismatch,13.124217740393094,11.546378569288196,1915.7535972804735,38.42210713129171,11.994874444119654
25,CG,T3,Target,9.651194067396046,7.478256733790155,1244.0251746146998,78.47198062332994,8.196080478308637
26,CG,T1,Control,3.4620761859259854,5.119958626949705,660.1344518543631,100.0,2.475884197953
26,CG,T1,Mismatch,11.859353118515337,13.437894549866591,1766.182225427407,43.22643304659568,6.556218002310782
26,CG,T1,Target,6.865506989310199,10.336178394599639,1169.7611206648965,86.29894291485469,2.6904216344146743
26,CG,T2,Control,4.567709130521166,3.7051184422780685,474.2325289078585,99.11628407000516,3.448900519069297
26,CG,T2,Mismatch,10.077738609842791,9.146155539622095,1268.612356862054,30.028081752579656,7.02572557617724
26,CG,T2,Target,7.975731396987946,3.625647598622176,712.5618539303063,64.07810567127335,4.248836579374879
26,CG,T3,Control,4.220968704504866,4.0914485181653015,806.7942112895765,100.0,1.7084618608100541
26,CG,T3,Mismatch,12.337568687903152,13.386921848457483,2188.7212964731307,37.33119884663631,6.089462364414427
26,CG,T3,Target,8.864474964253462,7.35293502411334,1461.0411318215986,67.34903006278797,3.1581875459449797
27,CG,T1,Control,2.6441968458192022,4.17879578307556,588.9097989002528,100.0,4.658105025098854
27,CG,T1,Mismatch,8.863275557652903,12.943831566901608,1390.135784370332,46.122982551061256,10.716611123961238
27,CG,T1,Target,5.83460012387847,6.555717846734099,958.1545398325986,79.6624102106147,7.083335743680194
27,CG,T2,Control,5.864201945571868,2.7052719000682135,774.7861077475111,100.0,5.921503969023313
27,CG,T2,Mismatch,13.17265652135906,3.367776168410506,1912.6028145714224,43.95135333939263,9.533464446340137
27,CG,T2,Target,6.425950870475878,2.7781458723351187,1341.463956906984,73.14850814035205,6.920152518807311
27,CG,T3,Control,2.055051545490882,2.5419683530178356,608.392835284837,100.0,2.943754746600723
27,CG,T3,Mismatch,7.472184971749673,7.452548054858381,1652.7122961834227,31.906598486836838,4.159222508371153
27,CG,T3,Target,3.3558979463807397,4.8924196449424615,1135.9477205290207,71.86386121706245,3.949457443604584
28,CG,T1,Control,6.295171070941415,3.9264371440576085,705.1649733336691,100.0,2.939339264741323
28,CG,T1,Mismatch,16.338680162328085,7.67641824774881,1653.5817031047025,38.8384247505446,9.873861799755211
28,CG,T1,Target,9.454717409390453,3.202740111373976,995.0798454199224,64.98557018220468,7.280178911187553
28,CG,T2,Control,5.58999958633037,2.6188675391409793,586.7898540433478,100.0,4.824798275770647
28,CG,T2,Mismatch,16.944457391743455,5.527441321488748,1494.054231232257,37.42484826025975,9.650937325113393
28,CG,T2,Target,10.039395098318158,3.427572652139891,844.1763161831166,81.65394228479539,6.02684751180288
28,CG,T3,Control,4.76849352270681,7.3422981459722685,623.1205439870184,100.0,2.478370985017473
28,CG,T3,Mismatch,9.189830146981606,15.762316434935082,1686.5169183487742,51.15507698784138,7.328845631406424
28,CG,T3,Target,6.583172959449487,9.682814843383976,1017.7326372145039,80.57655492142888,3.947019285729665
29,CG,T1,Control,8.389482873539919,5.781319650960737,712.7843928101536,100.0,4.364443929168423
29,CG,T1,Mismatch,22.70329174606839,17.683995789249426,1645.7215111502571,41.12459771442249,9.006632832440925
29,CG,T1,Target,14.95133887818456,10.939680583741277,1162.891699797584,75.5367793209851,6.36387925937794
29,CG,T2,Control,8.323331679532135,0.8961594714142991,602.6975513787597,100.0,1.755871065747868
29,CG,T2,Mismatch,18.42279678899664,5.742412320899847,1837.3979794184459,51.75475440980641,5.047878713515488
29,CG,T2,Target,12.140263146722516,4.197368827428678,1323.2514229479445,81.28588664651153,2.6633414165241023
29,CG,T3,Control,4.009137366465369,0.0,599.7163110144073,100.0,3.4724708723289512
29,CG,T3,Mismatch,8.214122939252368,1.1695077446027318,1652.6520363283516,43.393299442785946,10.563891324886223
29,CG,T3,Target,5.577618954449813,1.762446080843828,1048.6086720655983,67.09434860036761,7.409412209671367
30,CG,T1,Control,4.472741485578474,7.057794385548763,529.5139566684807,81.14386379326814,3.7509451017956423
30,CG,T1,Mismatch,15.540632232714975,15.679607034456913,1462.2538883877007,19.276137367814766,9.276146853079096
30,CG,T1,Target,7.200670143061805,9.785819299454934,1030.759911896077,42.482969081515904,5.144214491789919
30,CG,T2,Control,6.64746849358297,4.294624697193414,399.4676243608545,97.72090443864363,2.7372310541978746
30,CG,T2,Mismatch,12.68737621819513,9.060331958024488,1323.9482984854953,36.76409244713256,5.606106767781491
30,CG,T2,Target,9.051756543891177,6.279468222922799,839.2232383034647,62.47261795719844,3.656758722436355
30,CG,T3,Control,5.342371991260782,4.820370515305316,616.0235058881692,92.14775587012488,1.2617512644050146
30,CG,T3,Mismatch,17.32872270331912,11.423543943692103,1414.9006974103063,39.44011414433081,5.3208722585343216
30,CG,T3,Target,11.561777218173745,7.781358364218028,1017.8901105401612,81.44279229739809,3.4460574228830754
31,CG,T1,Control,5.716217696823875,5.1297212117321855,573.7300635995504,100.0,2.6310964438851023
31,CG,T1,Mismatch,12.902259113777665,14.53162864108567,1393.2064748384892,42.18818636454418,6.771959937281015
31,CG,T1,Target,8.640997099762805,9.551131402634319,934.4854174191225,75.79550814372861,6.288003180463985
31,CG,T2,Control,2.697706548908168,4.66834646739811,617.7600807007293,84.37013592088243,2.1524008725070494
31,CG,T2,Mismatch,10.42667998848814,10.380632075020184,1490.361930712249,35.03279127969555,6.84912336212639
31,CG,T2,Target,7.019376147900436,5.662942879939282,1064.7839388722537,72.7989803580819,4.3906433709756705
31,CG,T3,Control,8.069968790619019,5.105454728323927,535.5095785956438,100.0,2.1597197782388378
31,CG,T3,Mismatch,19.32268370570397,11.434667610309937,1478.9934802735056,39.62919457700064,5.61774170423071
31,CG,T3,Target,14.292639960219518,4.383935851311607,992.9921155907771,72.88858414815402,3.5410618722512615
32,CG,T1,Control,6.109172653442503,4.725593441620463,740.1620596507769,89.35428126445193,2.305339443442354
32,CG,T1,Mismatch,13.338247788913684,12.772420686243358,1931.0024852909528,32.82522727264446,7.533453513280266
32,CG,T1,Target,9.937430050282845,8.833288697140736,1245.101088847607,68.63372336911526,3.5659989199392
32,CG,T2,Control,4.05752270502281,3.0032248398382846,616.4263094497127,100.0,4.586432403923849
32,CG,T2,Mismatch,11.810019023791403,2.402627682414546,1404.9280798733093,49.37461471998147,11.578493847499656
32,CG,T2,Target,7.677291761980858,3.519558910709352,823.7974263063729,88.23968075737112,8.697280759478573
32,CG,T3,Control,4.428029186126561,3.9035447241587007,634.8442465593656,100.0,4.2089577037654795
32,CG,T3,Mismatch,11.586004019766053,11.380249781735507,1517.5579771012976,40.831618415655946,11.077114339359651
32,CG,T3,Target,7.048255002599222,8.52796696863067,1208.8440664197826,99.90434410988085,7.263804001228393
33,CG,T1,Control,5.463359161684361,4.9853728352633215,655.1435557372646,98.59268180463407,2.142631611275269
33,CG,T1,Mismatch,12.707785820888375,7.83621886455607,1380.0701350798472,33.44238967344806,8.070157435583642
33,CG,T1,Target,8.148505221247579,5.186284372804537,841.6563893654246,78.82123649873394,4.325886828558234
33,CG,T2,Control,3.934024740063003,2.588866067464267,530.8018590056216,100.0,4.790504249207016
33,CG,T2,Mismatch,7.755194830929166,6.831371880319312,1369.9363168681457,33.68574812717281,8.104526261172042
33,CG,T2,Target,5.052997812583545,7.217210929096297,984.0278333191152,93.42372505170415,6.820151197897733
33,CG,T3,Control,4.88477792098838,7.7580051635332214,576.3278355897091,89.00489013082787,5.840574583785728
33,CG,T3,Mismatch,13.002081802755372,15.324596208912855,1689.497424071719,34.53452442663053,11.595065711333673
33,CG,T3,Target,8.467656684266128,10.755912242924477,1120.026615855178,53.80765260268463,7.07976533990988
34,CG,T1,Control,5.666027147917933,2.810872034002508,632.9239009650505,82.29871826435112,1.8272672533699508
34,CG,T1,Mismatch,14.461083573860677,7.386973256252212,1602.2227220234722,35.769389124407276,4.211900659763227
34,CG,T1,Target,9.699686054097434,5.420505323608356,1040.9724040551625,64.63689383707963,3.7070731472789915
34,CG,T2,Control,7.048139429438818,4.746100699770447,557.6735068828922,100.0,2.749925167572017
34,CG,T2,Mismatch,16.588362445646215,17.02727815800794,1465.7843870166132,25.767076789423122,4.968617182324778
34,CG,T2,Target,10.562407936364297,10.501033882462146,1013.7093433978106,77.15520362160753,4.219713361193927
34,CG,T3,Control,3.193459677530239,0.758325122729786,577.9724898862231,100.0,1.9884747176066575
34,CG,T3,Mismatch,11.809003688350938,9.095679093067758,1471.2939718855982,23.385924506918176,6.497595072809387
34,CG,T3,Target,7.350419573457177,4.72483211715648,1067.7628079780204,70.8123010741325,2.389045248454052
35,CG,T1,Control,4.961388815904913,4.793001871463891,558.5634162319403,82.7188312051488,4.149916491440896
35,CG,T1,Mismatch,14.263749266593578,11.140539939745334,1691.8816981458397,30.73999641583257,8.348076517741884
35,CG,T1,Target,10.120430247256456,7.136989415337455,1175.4360583971895,56.91535022136202,6.299524446152446
35,CG,T2,Control,4.974075578531448,4.103789270584965,557.4917503895734,98.50243905317909,2.6003612256629367
35,CG,T2,Mismatch,15.279480833051885,11.153560653311311,1545.2637932951625,40.752057087658365,9.387934919315493
35,CG,T2,Target,10.399151004842869,6.477427326722861,944.9478602111005,74.55061708694228,6.668349257810511
35,CG,T3,Control,1.9772564940230608,3.6533785101243152,621.0355351466986,100.0,1.0222158038018325
35,CG,T3,Mismatch,6.363853758562249,11.481950271398103,1550.437635980022,38.20476206575111,4.651700462526349
35,CG,T3,Target,3.912854960499986,7.907331872867148,968.2381673002469,70.83062893790807,3.279260213699903
36,CG,T1,Control,3.7395442136563473,1.9169812109327573,730.3525002573012,97.0420120743427,2.435331779548645
36,CG,T1,Mismatch,5.175615144932228,2.8785403789034434,1802.97697648711,30.128920440539275,5.9136283560774485
36,CG,T1,Target,3.4778833092529697,3.4429454971250197,1218.458747717324,61.00684315855684,4.510537988695091
36,CG,T2,Control,6.576122496868099,2.169141206570627,688.1969491149027,94.51434368978586,1.6929751526866867
36,CG,T2,Mismatch,15.391984248860346,5.804366022211237,1772.170108556402,22.125353304882736,6.281282949625831
36,CG,T2,Target,9.187327344327278,2.0166801005411874,1110.3185661836987,57.66398443122212,4.6898062474727364
36,CG,T3,Control,5.364730782494107,2.6021651278388367,630.8871452957613,100.0,1.9787078845262758
36,CG,T3,Mismatch,13.288589216362732,9.858310757041759,1456.300297680259,41.969246381997635,5.708744588927239
36,CG,T3,Target,9.604993554984842,5.113553880534556,1067.8780056966107,78.96191900654223,3.9853106421013953
37,CG,T1,Control,7.649744181902189,0.645804805317908,839.4734026073413,100.0,2.172320772948837
37,CG,T1,Mismatch,15.462764705196424,5.974428293288738,1846.7664345406333,40.664047146606826,3.3312923942222823
37,CG,T1,Target,11.551152342178256,4.551890898415529,1269.8838713506875,87.4100818478071,2.19363459403634
37,CG,T2,Control,2.730075710535581,5.284418036049954,501.6130694043402,100.0,1.3595993079424773
37,CG,T2,Mismatch,10.112962388098486,11.989935935860977,1736.567215536131,35.91265247940189,6.015258089196938
37,CG,T2,Target,7.5753739900677814,6.657382427554909,1160.0027902570196,74.0105765367601,4.291395249698213
37,CG,T3,Control,3.7907688414941565,4.0963633460318105,647.945856471523,100.0,3.4567732375354834
37,CG,T3,Mismatch,15.216185430614342,8.330134991630803,1902.842562393634,47.80740957874323,9.502699645037682
37,CG,T3,Target,8.211192311905288,7.275816297141156,1305.6673067832266,72.1072168387939,5.383486590933672
38,CG,T1,Control,4.703582596439652,2.1500736939808003,662.5832600464453,100.0,2.746243952984361
38,CG,T1,Mismatch,10.40501252207935,9.839890048898175,1660.4085832933613,32.22171798330733,7.096556161312907
38,CG,T1,Target,7.413337943429911,6.106440249739272,1089.5618150901585,74.56539647599716,4.351677378063768
38,CG,T2,Control,6.218050305553927,6.34581079569379,767.5390141044859,94.97086117792925,4.957309502699328
38,CG,T2,Mismatch,13.623236828671732,15.53919551552761,1778.4358574624741,31.00464090767209,9.273451664693352
38,CG,T2,Target,8.22390162001556,10.545553654797645,1219.6887776990086,74.53391580405803,6.470096778319542
38,CG,T3,Control,3.435288279782685,0.8354824340284751,590.6544351234139,67.05758792270184,2.9731356561787643
38,CG,T3,Mismatch,12.896508514952384,2.738888267479232,1472.0080403973418,34.66636247464898,6.754426323487334
38,CG,T3,Target,7.707981179989764,1.7435114907222584,1111.3443094731492,48.3450916561075,4.770787665310008
39,CG,T1,Control,5.539032673828697,5.8992585382139335,682.5857747425649,98.88067543593861,2.8189241662291473
39,CG,T1,Mismatch,14.574491596591624,14.690464413914766,1745.9402470888954,45.661275049164004,11.074012291662052
39,CG,T1,Target,8.581277797148692,8.86757296402822,1234.2292754906812,67.6813537208846,5.851020732546355
39,CG,T2,Control,1.8233306184173246,4.363878604309225,728.6039190459677,74.90895100124571,3.686223943192287
39,CG,T2,Mismatch,5.636281683047803,9.663927116109194,1843.233693885435,24.667131444255574,10.458779902956737
39,CG,T2,Target,3.250244921476639,6.565927855437872,1206.1647887421818,59.53768660668975,6.931274246361379
39,CG,T3,Control,4.866050977731006,2.904063146838712,739.8657320799979,100.0,3.9984807726133367
39,CG,T3,Mismatch,13.125831869051195,7.935361193639647,1750.6254875468558,41.68893894108734,9.08714302894874
39,CG,T3,Target,8.935334473882582,6.8682815213979715,1228.984450506295,83.6065270335491,5.891595166372851
40,CG,T1,Control,4.737274600804282,2.909350396188402,577.0276272880833,100.0,1.6552287860859471
40,CG,T1,Mismatch,14.292314195246815,7.816059349866244,1607.1658234703032,32.814822041671896,9.149410176883915
40,CG,T1,Target,10.123588500639082,7.357361184221119,1167.0804405088843,71.48910137269226,4.357817945589417
40,CG,T2,Control,5.5886353220768665,2.264305927344028,732.1383192925218,96.9691448261189,5.338406185033193
40,CG,T2,Mismatch,14.095200332151766,8.715351902623341,1620.1667156529352,30.934152549193605,10.789084569277467
40,CG,T2,Target,8.517808032276964,5.806767730650385,1119.3367045365328,82.19975563293377,7.648156466603392
40,CG,T3,Control,2.815640104005503,3.5968091118843013,601.8574461626442,94.1697102704905,1.7470299814046177
40,CG,T3,Mismatch,10.37476831862392,8.695199500487051,1448.7984065582773,30.841998407145134,8.01703936828238
40,CG,T3,Target,8.095265956241658,6.893610991548288,877.4522996559897,69.95341545345562,6.440632863449136
41,EG,T1,Control,4.965076910180268,3.462532684044817,769.00973287876,100.0,4.432731509391037
41,EG,T1,Mismatch,14.764004403573752,5.71197391514923,1942.3311200854816,40.12985030444871,9.131583162234026
41,EG,T1,Target,11.060706515735797,5.425199970784992,1263.4792230433923,78.29685822859959,6.052692095116749
41,EG,T2,Control,5.520427057736423,2.775526120255956,618.0830968922021,87.92340447818397,3.062591885567508
41,EG,T2,Mismatch,19.084826915013796,6.072604162601196,1455.8572821461366,24.87845945901514,9.374296652964912
41,EG,T2,Target,11.922287871257208,4.029146701364083,951.7066721158689,62.69014947852341,6.1857992693611905
41,EG,T3,Control,4.658955833302368,2.09986297031655,594.4427750996067,100.0,3.181822541210978
41,EG,T3,Mismatch,10.890043279074488,4.777116678981923,1592.0781015216266,26.263804790239274,8.678194277420513
41,EG,T3,Target,8.233731781799907,3.2236417811475246,952.1559515616983,72.5691690467465,7.08698207851569
42,EG,T1,Control,5.149274178673935,4.6079293088926185,737.2080944958765,100.0,3.8461752796607183
42,EG,T1,Mismatch,13.620323084079477,10.849097138931711,1967.560515654601,39.034298148471436,7.229072875545089
42,EG,T1,Target,7.892870148750294,7.3668247283333805,1194.5089783134242,71.42532330380412,6.242540185904151
42,EG,T2,Control,3.512653219055882,3.5583898461153844,844.8726384963047,100.0,4.1255782525402
42,EG,T2,Mismatch,9.272777783938754,8.816511296764219,1955.859266980427,35.46548730027315,8.77379807966161
42,EG,T2,Target,6.148308310323826,5.3695418877501995,1418.234213704165,90.38385456844495,6.762369658029877
42,EG,T3,Control,3.4710485963226776,1.9251752251914027,547.2844399828776,100.0,1.0721749908074867
42,EG,T3,Mismatch,7.33900793464063,0.6632867528893538,1457.9584680687026,30.605682116021494,7.618946084287483
42,EG,T3,Target,3.259244559768834,1.706732426643545,1070.9247037110154,87.07244401566108,3.4310005349581143
43,EG,T1,Control,2.469500393259958,4.914109338821722,712.6265744359682,90.04409491633332,1.443184681173655
43,EG,T1,Mismatch,6.920868129154597,16.725968411592454,1750.2298012487886,32.26231935121938,6.568921629679907
43,EG,T1,Target,5.788448566054303,9.838466813441215,1069.6635393143156,55.304836227670734,3.7699230473756242
43,EG,T2,Control,1.3909335521142285,4.65522739367271,684.5813881648912,73.80805857906633,2.539602850555467
43,EG,T2,Mismatch,2.2685602177647204,9.925055862540438,1694.2218315761233,30.18643604952114,2.3227960354956476
43,EG,T2,Target,2.5341287552261855,7.036871365297836,1089.1038552355649,61.83113025957793,2.8352563878768726
43,EG,T3,Control,2.047015060275465,3.6699671497556303,499.05751997274876,99.22903752979911,2.3581122987591048
43,EG,T3,Mismatch,6.090412689141012,10.070322599676436,1353.3364485248549,41.4984879982838,2.9878444120181538
43,EG,T3,Target,4.285548602401342,7.79337195269316,828.3669389761769,73.11981187986524,2.8118780310458464
44,EG,T1,Control,3.989250451604848,0.7835572678798555,610.3968048668421,82.72151911360277,3.490698052096879
44,EG,T1,Mismatch,11.046544664885065,1.0281996449479929,1663.1426700518177,28.5989654470104,11.482957943634725
44,EG,T1,Target,9.801574359378833,1.1402135939149916,1082.682654304701,64.26615283828419,5.733393838124025
44,EG,T2,Control,6.431848699054572,5.406161141298866,540.0353753239262,90.33189607483483,4.225896791551391
44,EG,T2,Mismatch,18.491333189051684,10.90279412852639,1529.0290338343784,31.407115814365408,11.149043339729058
44,EG,T2,Target,12.26751949109902,7.8747398722013315,925.7716855417862,62.37797706188203,8.074945828503015
44,EG,T3,Control,3.481293516465252,1.728493052038264,592.883034655376,100.0,0.6192237909252287
44,EG,T3,Mismatch,9.961131744887469,3.178522348524141,1480.5773990993603,49.992836008723806,4.965964918448336
44,EG,T3,Target,6.53612117983391,3.5213551420784217,971.3056510894096,78.93238641883305,3.6351306477224785
45,EG,T1,Control,4.404416448061759,3.7127216189139487,642.6123987788336,86.77909254953607,1.4441953174700686
45,EG,T1,Mismatch,12.023863499244452,9.368875825395083,1749.8013652396692,38.36732387183694,6.687376787975454
45,EG,T1,Target,7.902345045631241,5.448550754228676,1157.2773741990732,63.8922877539131,3.773234617906886
45,EG,T2,Control,4.321928479266758,2.1974576872184866,796.9800593886529,75.9943374301208,2.2606491937177804
45,EG,T2,Mismatch,12.8768844782258,6.868148390174378,1840.8514887468327,33.778825452551196,9.34281293776948
45,EG,T2,Target,8.179684319122348,4.8821200621841685,1275.066617236484,50.638132392207666,7.599431685324977
45,EG,T3,Control,5.609309838516527,0.0,515.6344344397994,100.0,1.1571007876821329
45,EG,T3,Mismatch,13.686912406160232,0.0,1407.390554743084,37.84544382144401,0.5640900951077434
45,EG,T3,Target,8.103579387685741,1.4217462722061796,971.5515789307228,76.47749249390843,2.5016586718924745
46,EG,T1,Control,5.5045319826680075,2.359787859929695,886.7166753882094,100.0,4.4082046548629
46,EG,T1,Mismatch,11.590550491217465,6.541046222291167,2179.728744802846,32.53052630995094,11.05307482834378
46,EG,T1,Target,6.078008399963463,5.108855843022992,1249.2045631762057,78.01247977998598,6.797710686788764
46,EG,T2,Control,4.767493200589148,2.2108411205558816,630.8032112942778,100.0,0.5652104373164918
46,EG,T2,Mismatch,14.84246284175803,2.8984125684386233,1578.2951140123841,56.35212878375086,4.235324702035604
46,EG,T2,Target,10.14229193833837,3.2441160967543627,1111.5538553249562,74.59779990327003,1.485701666472407
46,EG,T3,Control,3.3961336180133674,3.1784472233874332,574.5239783555348,100.0,2.0212415002755737
46,EG,T3,Mismatch,11.507787874000755,5.0828948410279144,1388.959357868529,45.77800350096236,5.544788828189469
46,EG,T3,Target,8.248982583957163,2.376996308935655,818.9122876778474,82.17408293047681,2.9476524432014566
47,EG,T1,Control,3.8467563189676426,5.7599774592103286,608.7383496389817,92.34043476444916,2.9328953563514815
47,EG,T1,Mismatch,12.837350216164499,14.847364731321928,1429.9121072232388,38.164430730775464,10.32702357807966
47,EG,T1,Target,8.02386227286666,8.524994234919854,889.9861903939867,73.11967535022211,6.275539114750324
47,EG,T2,Control,4.267371837394756,4.104371114729531,545.6101312496305,100.0,2.5079236343906657
47,EG,T2,Mismatch,10.992502020058954,9.712228832950963,1284.3402315828998,30.09724379560313,7.543458655243695
47,EG,T2,Target,7.447792268907743,5.841264019321511,866.7655205066001,78.74549373198269,4.415392835307542
47,EG,T3,Control,2.365301420220608,4.597468215180105,459.71417833307675,91.13539001307653,0.7984515922823965
47,EG,T3,Mismatch,7.414625407825327,8.888219758228837,1387.696964194985,35.30762653863486,2.000887316980675
47,EG,T3,Target,4.8985194332722095,4.236231580444259,838.562713490891,72.09168109094065,0.7969776921602206
48,EG,T1,Control,6.9175431271299095,2.608744217257067,790.000396280578,74.3545825510472,4.640367698655377
48,EG,T1,Mismatch,16.257991634166817,8.542847431617052,2070.7951381617477,28.95601648321727,12.688281957963605
48,EG,T1,Target,10.507657470912031,4.333214067097549,1412.1232362810292,53.920055416025406,8.393070761672261
48,EG,T2,Control,4.56718443387783,3.2114005334801403,652.0828648203584,100.0,3.6564079173776953
48,EG,T2,Mismatch,12.100148803840852,7.161964942182259,1685.2539194942365,41.21197035406047,5.680264840768414
48,EG,T2,Target,8.205945199286052,6.857507249222868,971.0289703428584,79.3135350264168,3.6082668206908277
48,EG,T3,Control,5.1990651895191045,2.774493815221915,544.7402378324523,100.0,2.069547306394106
48,EG,T3,Mismatch,13.714302970873856,5.646182261158466,1443.2827014119864,42.360460203692945,3.9663077001739495
48,EG,T3,Target,8.202843695242848,2.7971568954314145,1057.23640795607,74.76921583782295,3.222166107315694
49,EG,T1,Control,7.0792487039434455,4.477709060143331,469.94350168504985,100.0,2.8412928939538897
49,EG,T1,Mismatch,14.137469795857838,3.9719643865335708,1435.306040745814,30.42343408435443,8.780458092904595
49,EG,T1,Target,9.552273506401042,2.582466716377821,1049.323541824322,78.61322045731846,6.123206313922218
49,EG,T2,Control,6.150631189788609,3.3506321741505647,548.2728695771439,92.74162497882095,0.3945814003175798
49,EG,T2,Mismatch,10.726703732662706,7.743898964024597,1644.26550787719,47.15651795316564,5.342583635768978
49,EG,T2,Target,7.181400316261193,5.625377584554789,1149.1251458489292,73.1969568246585,2.911646234977657
49,EG,T3,Control,2.260213703585799,0.5298777534405674,623.2219889496669,91.04774322079497,2.068707172488465
49,EG,T3,Mismatch,9.21646593197201,1.5515850080405096,1562.2706803999622,36.56841507835205,7.998848795136689
49,EG,T3,Target,7.070491826901271,0.4027210988932465,977.2066923201652,66.06335866158204,4.779223603977682
50,EG,T1,Control,6.924442483349796,5.459994349511572,863.7973493848957,100.0,3.3296246525949234
50,EG,T1,Mismatch,15.585582840008122,11.505724711989702,1939.3038096942175,37.51632026018949,8.804037613436247
50,EG,T1,Target,10.146015527210807,7.29834045859824,1323.8360781644305,85.87802013775489,6.472757744418274
50,EG,T2,Control,2.0048712101342017,1.56376934749859,627.7478495807445,100.0,3.2588483646596087
50,EG,T2,Mismatch,4.962400128887894,2.542937134059552,1381.1307629652886,46.85134088148334,6.650543354249188
50,EG,T2,Target,3.071957978494089,1.7702461455431262,987.6850079674625,70.73851069319241,4.144995951981299
50,EG,T3,Control,3.5932349118018934,1.5172577533377616,432.56544971415354,100.0,1.1716259611529658
50,EG,T3,Mismatch,5.682762824851787,4.047449987292518,1257.7567025422259,36.97570216693658,2.9650569029072003
50,EG,T3,Target,3.3504852099414215,3.6796077448763302,868.8348446678915,70.09532504384796,0.9866958894420091
51,EG,T1,Control,3.094593627291978,2.7679323548285417,630.3077346242131,100.0,2.9273183885674836
51,EG,T1,Mismatch,8.055676455023326,5.4360527241963466,1545.0173861881963,37.79468786971264,6.564768634019419
51,EG,T1,Target,6.062651304827013,4.058677962434887,1063.8864241768672,66.02279767225312,4.897870489986399
51,EG,T2,Control,8.874977067618365,2.811586046918353,699.1903665783934,99.68255599694058,3.2799032378438944
51,EG,T2,Mismatch,18.330204071480313,8.200984244703603,1779.6212053919614,30.537342121104878,6.015873252555047
51,EG,T2,Target,14.81244840662924,6.772060771081699,1083.0205607640144,58.40145270294789,4.916048832088735
51,EG,T3,Control,3.0559913986321128,2.754842669822357,953.3575108192813,100.0,1.494690994375897
51,EG,T3,Mismatch,7.270153206276094,6.4484539257087805,2094.2122111070494,36.8061305027468,8.331820652580522
51,EG,T3,Target,5.549103345053782,3.579106065454733,1404.7082646950948,80.11631417829962,5.175829965769681
52,EG,T1,Control,4.033839870277046,3.4305969327520396,662.4106700189158,87.88712184729975,5.087491881253335
52,EG,T1,Mismatch,10.689595434092247,12.392503917547971,2112.831191998999,39.98830609995374,12.15710556801432
52,EG,T1,Target,8.184252856826244,9.081039270482467,1362.9119848140608,61.94726065569573,7.692532742427737
52,EG,T2,Control,5.944000884795251,2.123852652667525,721.8510831296924,100.0,2.8643710592184566
52,EG,T2,Mismatch,14.45675605509715,7.151327432383579,1819.9038614296473,41.21051630482311,5.467747765817046
52,EG,T2,Target,10.030505686553294,4.185966336179459,1240.6641613819866,82.56013234767583,5.567430513575104
52,EG,T3,Control,0.45080511856498984,0.0,584.4182239669906,100.0,2.0088086349242635
52,EG,T3,Mismatch,3.19293212991424,5.207185776128902,1478.1069259447559,45.749257918779726,6.913590820747645
52,EG,T3,Target,2.487800455192631,0.0,1033.543624879263,79.75190192316593,4.86868015246854
53,EG,T1,Control,4.933127153698614,2.3421434100720555,682.2798164463481,100.0,4.36974614981985
53,EG,T1,Mismatch,15.091857749317898,6.840100876852798,1817.1596025274991,38.377680676300315,8.137782743344161
53,EG,T1,Target,10.827822217414885,4.0101850725171815,1089.9420206803172,73.44175529724053,6.8330951951006575
53,EG,T2,Control,7.562769755131005,3.34251648190594,657.321634348504,100.0,3.412868932259684
53,EG,T2,Mismatch,16.87382295639519,11.626564385529829,1673.507083838423,31.67013936723466,3.7193336076643293
53,EG,T2,Target,8.552798230886099,7.154693644283608,1153.72462646831,79.9849971504577,3.231723345943507
53,EG,T3,Control,2.097887646754976,2.6980590369982784,564.6771800195523,97.23488658522014,0.9356123693159909
53,EG,T3,Mismatch,10.348312485762138,6.3940963261515815,1416.6652845696335,31.5409203469926,3.1864576617353353
53,EG,T3,Target,6.193516536443975,3.5661638309746015,1011.1343602672371,77.25057183905156,1.4027630010606909
54,EG,T1,Control,5.3741851533461675,4.829040574004173,643.6934584056011,99.31556183532606,2.4840269914033253
54,EG,T1,Mismatch,16.635877485662103,10.095234375876535,1869.9177223854883,30.998024002203152,8.72764304002761
54,EG,T1,Target,11.341614313056766,5.725933294099381,1295.5234182275715,75.34202016125138,5.405662429179639
54,EG,T2,Control,4.51762896580225,2.6946661552758693,626.6713671444529,86.0754413621542,1.743594080919783
54,EG,T2,Mismatch,14.053571604325237,7.609702885366499,1502.585303101288,26.75279404677551,6.60312877977361
54,EG,T2,Target,9.588854012172927,4.848854295259234,1100.3272987103462,67.31401165737812,2.99895337452893
54,EG,T3,Control,1.498391372432151,2.026171185807874,650.0778931447902,100.0,1.257354242862553
54,EG,T3,Mismatch,8.929042238654052,7.7056507903382725,1327.9296993839912,44.672004159893525,4.6704976778281715
54,EG,T3,Target,6.312480217299571,3.1927079466136545,875.0500435985786,92.62722598735473,0.0858699393364466
55,EG,T1,Control,4.396642325140879,2.8144253067388068,835.7894903264614,100.0,3.9925815543477703
55,EG,T1,Mismatch,13.166539966778789,9.747214611334627,1973.908804057351,39.97437415652384,11.053442906061491
55,EG,T1,Target,7.5150614694434585,6.954656528239873,1301.4779718678471,71.58480004760838,6.65048711733587
55,EG,T2,Control,1.8607827454730352,3.117723195248978,752.4436221547594,100.0,3.113733605601682
55,EG,T2,Mismatch,5.915157657785052,9.63736701479792,1748.2913667159949,26.524829184917667,6.847575218819756
55,EG,T2,Target,5.969000106407898,5.486627232464703,1167.0634032871935,79.00310127207213,6.446955860221203
55,EG,T3,Control,2.142871746065237,3.452691703498731,868.392728264543,100.0,1.5599717674662352
55,EG,T3,Mismatch,6.617583082765998,9.184943202254313,1976.3663517965826,41.803660198355104,2.9931318992018037
55,EG,T3,Target,3.699248421384162,5.350030193848326,1292.5690917895004,70.6528907484947,2.0140925021819567
56,EG,T1,Control,9.298620472279843,5.569545398620817,666.4308251291407,92.39687154186365,2.915038981206975
56,EG,T1,Mismatch,19.14044250790682,15.965408909720445,1691.2524238271997,41.33567014926504,7.506092086668945
56,EG,T1,Target,12.862645797285637,8.949763065677146,1099.502423248778,69.94925167302658,4.781446646090591
56,EG,T2,Control,4.488688205554635,1.799945609226033,412.9443051995372,92.68626613798722,3.6349148127696913
56,EG,T2,Mismatch,6.889264299165695,5.007405631330173,1466.7545606108138,37.085530375074015,7.546177916440851
56,EG,T2,Target,4.891126580151614,2.617552160721337,975.3776198182843,64.54766186003202,5.123969106529013
56,EG,T3,Control,3.4220365846328553,5.528616174083278,518.407769215239,100.0,1.8491405835325958
56,EG,T3,Mismatch,9.315250222128785,10.077195203165559,1363.7372207241294,47.01873003958288,2.7076091937851903
56,EG,T3,Target,7.321075772658889,7.9284614463805365,861.7581993309445,91.90087619528245,2.654713959615659
57,EG,T1,Control,6.046309844156606,5.089150413904652,577.1777796073504,100.0,2.902874462699918
57,EG,T1,Mismatch,14.71683725633872,13.397411798445079,1521.8454741070066,37.152727816749774,8.281580322001808
57,EG,T1,Target,8.90414516060799,10.010437916930298,989.9911052702809,63.5568845108015,7.147472199836314
57,EG,T2,Control,5.721289110222577,3.860503575222194,827.0895467822369,100.0,2.0938714062544777
57,EG,T2,Mismatch,12.779063221647988,8.454840865130615,2266.0990876931473,24.289183570722138,5.81470297462015
57,EG,T2,Target,9.667640256187784,5.143896750915732,1316.4265119777126,72.47028074045184,4.061594925451174
57,EG,T3,Control,2.33085571563372,0.0,589.8709752973531,100.0,4.424532989532461
57,EG,T3,Mismatch,7.007821208932544,3.16114131980519,1431.7759799701284,54.60036763647079,8.871284875539295
57,EG,T3,Target,3.098860341839114,1.991363667189061,864.7481530678363,78.58699076546102,5.499936019532807
58,EG,T1,Control,6.664113366237649,3.724434469407114,832.8441701116141,92.121132919761,3.707230601808866
58,EG,T1,Mismatch,12.025721932917198,7.120033026690989,1769.6054533602694,40.138935165892306,10.746605466438432
58,EG,T1,Target,7.019904183842469,5.429893621742634,1252.3691465515826,56.034130801166086,6.661593072554335
58,EG,T2,Control,5.73941294322635,1.1920097858432595,865.0611286016531,100.0,2.614539659766305
58,EG,T2,Mismatch,11.361029240316618,4.870357070785774,1963.803486750071,48.71149524445268,3.6192853712197106
58,EG,T2,Target,7.314422499658369,2.6397619906491805,1281.4331296498476,90.56606425721633,3.8102707448699107
58,EG,T3,Control,2.5399187922656266,3.599301263328381,610.2972155710659,100.0,4.646051841724384
58,EG,T3,Mismatch,6.684525898219583,4.940222853871605,1526.0880396286113,47.34721388841866,7.743787368900383
58,EG,T3,Target,4.372584481696759,4.919210809929775,1044.0374176957398,75.19945550723801,6.8449182974599445
59,EG,T1,Control,4.65707736212918,3.199588416173828,641.5421234498906,84.87181763835999,4.6706643285906075
59,EG,T1,Mismatch,12.479274113684705,7.359850963501334,1561.032705853591,33.09504075441583,7.500489617113914
59,EG,T1,Target,7.423204251353598,6.002722803650435,930.7166093239459,61.691429615863235,3.8681739164245514
59,EG,T2,Control,7.331174803624145,1.5688617880176472,657.122974462768,100.0,4.581634691160718
59,EG,T2,Mismatch,19.288720015370455,5.7758416907559855,1636.5908434861904,41.1700622280428,8.383844963271047
59,EG,T2,Target,11.962288153849993,5.14371400415407,1189.3024824069869,70.28465093506671,5.929803534764032
59,EG,T3,Control,7.252747737164328,2.7227648223756904,512.9870936212852,100.0,4.598344367542154
59,EG,T3,Mismatch,17.460905322149326,1.3762311294591558,1459.852206523854,38.965788875917845,6.21209401867327
59,EG,T3,Target,12.788243186073974,2.0617635096799223,853.3145633831316,83.06910345215434,5.312295042301718
60,EG,T1,Control,7.4027491686827,4.414711258541891,642.8921973563839,96.05684921550932,3.799457342826745
60,EG,T1,Mismatch,20.839197149816915,12.19339602765079,1645.0095534436334,36.99320929732972,9.798763795289085
60,EG,T1,Target,13.348033745978816,8.599172232481374,1052.6669348586672,73.32553820612193,7.312037274061298
60,EG,T2,Control,6.112352135429928,5.167487708520497,765.1722037646834,100.0,4.1405297081448476
60,EG,T2,Mismatch,15.66035737306676,9.261271979455904,1900.6873908542063,37.78648911487102,7.926416288037425
60,EG,T2,Target,10.20405550568691,7.464785368277475,1191.4716330107547,86.28035588095392,6.043328863104821
60,EG,T3,Control,3.4471076509802328,0.8512157582395637,596.1448389194758,100.0,2.4650140522632786
60,EG,T3,Mismatch,12.348836474389188,4.8739723631802345,1511.2952567837574,46.93541452794239,2.2569320298259643
60,EG,T3,Target,7.734709934040217,1.5271588467058688,986.1536553270497,95.58628304529438,0.5284797360208449
61,EG,T1,Control,5.917942471422813,4.093065487040397,509.5543526998801,100.0,3.3007716990376887
61,EG,T1,Mismatch,15.133921919738668,10.030253131701624,1740.653050463651,33.022566310522244,8.365561478849434
61,EG,T1,Target,10.807451555027543,5.345019209392445,1214.146894845008,85.65832741145255,5.836230376898335
61,EG,T2,Control,4.784271223659291,2.460128028690558,590.2009407484315,100.0,3.882000885840309
61,EG,T2,Mismatch,11.218255086491375,2.44385953168042,1749.5055973352842,50.87947041112572,9.778981772211344
61,EG,T2,Target,7.770135757655031,2.300263619108987,1184.190661280915,84.86071867372137,6.459728970200327
61,EG,T3,Control,2.783883659397007,1.438186299521679,593.4282867551506,100.0,3.064974163252305
61,EG,T3,Mismatch,7.027011313845664,6.294867220230217,1462.5009339472795,35.401607285976574,5.578609862945446
61,EG,T3,Target,4.294866410634436,2.7405830647298624,1118.5588129171917,89.80792771050136,3.046075006380128
62,EG,T1,Control,6.2830488015218435,4.7160224180844335,604.8164262173352,92.92625708481515,4.352564076562358
62,EG,T1,Mismatch,13.696645964165981,13.269267488473519,1803.058917912461,37.465155121191884,9.344685464816694
62,EG,T1,Target,10.825628091740688,9.274214122214707,1157.933362288716,65.09465241358583,6.27153843298413
62,EG,T2,Control,5.559689499794933,0.16221150388371774,768.8441912286995,100.0,4.261347631818661
62,EG,T2,Mismatch,16.355135433282438,4.966139539025165,1615.331953997918,33.4669321155101,8.54913613073373
62,EG,T2,Target,9.728507181109148,1.6480988211637095,1056.60458283959,73.34467006812164,5.539462157674004
62,EG,T3,Control,2.6391855551828574,0.6604823572912195,652.7574360585024,100.0,2.2033660995990836
62,EG,T3,Mismatch,3.378740299207696,3.115927905465532,1545.1507347876777,42.55190518337234,4.230420359167809
62,EG,T3,Target,4.2998253415725625,2.515101561042059,1004.9816360279468,94.35167610470612,2.299254500212763
63,EG,T1,Control,5.281734547144944,7.2362170085059665,557.3704332369892,75.82686687180629,3.0432783480882293
63,EG,T1,Mismatch,11.468772304808562,17.788830637050026,1498.8650737947614,20.063317097814856,8.202724950319766
63,EG,T1,Target,8.995673482187751,11.151716246621175,910.1302777787595,49.32806436273181,6.896316774632445
63,EG,T2,Control,3.2487073891686027,1.4512756734909253,673.7483909063108,100.0,2.112516163312354
63,EG,T2,Mismatch,9.003451314712352,3.0259726140086585,1809.905466034504,42.74243585797808,6.074882213074634
63,EG,T2,Target,6.4318261613692,4.334193702048038,1054.2359927537698,77.84207040802211,2.409455251710063
63,EG,T3,Control,1.5772287541205359,4.752736252869863,769.6336373913572,100.0,5.66583084172067
63,EG,T3,Mismatch,3.320241812676954,8.770555545878805,1676.418101993507,33.37915518383163,9.151474773785633
63,EG,T3,Target,1.5666514063114974,5.458540644283639,1111.5868962626278,73.550582747567,5.792630393012436
64,EG,T1,Control,3.767143669415616,3.210843299469663,676.1858558106435,100.0,2.859568865843496
64,EG,T1,Mismatch,8.783729856134391,5.070753678425768,1550.0001655559367,39.28485154649549,9.547957531859945
64,EG,T1,Target,6.438761088771766,4.187308627671486,1076.9732083594636,75.11700929600725,5.800994863568619
64,EG,T2,Control,5.584477364718781,3.531017854493872,545.197591332447,100.0,1.7279775230087084
64,EG,T2,Mismatch,9.085470929936083,9.569336399112176,1285.77184503945,61.38224579027398,5.234851886067627
64,EG,T2,Target,6.872805623733255,7.119257087390935,976.8926442392456,87.26711141458877,3.5274749330159723
64,EG,T3,Control,3.653622020018526,1.8361872970098143,555.5086322858384,100.0,2.399017796355565
64,EG,T3,Mismatch,11.03674485170946,4.8116855156024725,1527.2402228533285,37.04135410522236,6.1207401381551465
64,EG,T3,Target,7.787333598985223,4.462106734521702,1135.7042594195675,84.38108652657374,4.28458592017406
65,EG,T1,Control,6.751135012519984,6.4646133974636975,721.8571202827311,100.0,2.872072586579732
65,EG,T1,Mismatch,15.425354287106522,15.44095550615046,1774.5003531031775,33.60697252653346,7.275800015445217
65,EG,T1,Target,11.051271053190842,10.739174563039715,1232.6559877209666,80.87609400751501,5.27283530799064
65,EG,T2,Control,6.22698087055516,0.9894416095109984,860.6796674529714,100.0,1.018317714837105
65,EG,T2,Mismatch,16.83997237747073,6.664791057082919,1984.6401758536463,29.89466544055125,3.9674942094997925
65,EG,T2,Target,10.23197405639745,4.495010008459365,1326.8487207794217,69.8647362969789,2.9437530567163477
65,EG,T3,Control,5.503402679555184,2.4678216660530996,779.4570411729861,98.38193041221517,2.347900024559151
65,EG,T3,Mismatch,8.787276797768214,2.9178473537731398,1554.8825704183714,33.27276949349414,3.2138179607798922
65,EG,T3,Target,5.932269257867593,3.3120255307788344,1097.622913538548,63.10383067608755,2.8612351712238477
66,EG,T1,Control,2.029106398592104,4.428270324482371,570.1543368491018,85.37040910012975,3.2141552220742313
66,EG,T1,Mismatch,4.0842704615563585,7.461105724273194,1333.342483829838,26.006859070138162,8.976175144368517
66,EG,T1,Target,5.194992396750266,6.745501394987755,837.2660780317952,50.076670321837284,6.21526897144224
66,EG,T2,Control,5.938603500557218,5.089645589117408,588.6568539768031,100.0,3.605931563145674
66,EG,T2,Mismatch,13.223861633957178,9.928677370665463,1380.7260596072292,21.962583400795488,4.3993919076034285
66,EG,T2,Target,10.878628631376067,7.148134592317583,936.0902632770974,72.6512936955443,4.189275475022705
66,EG,T3,Control,0.7456541051345502,3.940344406650962,681.7911769140682,100.0,1.9675116404283939
66,EG,T3,Mismatch,3.1201810548069924,11.264724364415622,1605.1698332386995,51.054544293352365,4.825284910927758
66,EG,T3,Target,2.2895941878036936,7.032454846761796,1109.6586946010118,78.65412014524101,4.798394960741697
67,EG,T1,Control,6.11241306300569,0.8747624858345773,666.9841684215176,86.30623265911052,4.4223435729493294
67,EG,T1,Mismatch,14.495293990688166,5.395697799828536,1674.007941852521,33.57778885721825,4.72808847044122
67,EG,T1,Target,10.543399872188226,2.5655409942736362,1123.5505365114848,61.12397934990757,4.093031129640141
67,EG,T2,Control,4.702191177649637,6.925059394170293,691.9340140042952,100.0,2.633820877774746
67,EG,T2,Mismatch,9.610070540847907,12.570714802901952,1907.410777218253,39.881969476576195,7.331667936802839
67,EG,T2,Target,6.539591194290821,9.323338095700347,1254.8782304349734,71.04048197011898,6.208592182853023
67,EG,T3,Control,5.292014337009316,1.4636757062052852,662.9905465887545,100.0,3.1573830438235904
67,EG,T3,Mismatch,16.512963944153935,7.662177209457632,1452.1993629319215,37.87423790752168,7.2140264174526125
67,EG,T3,Target,10.497606748963799,5.884347850502317,1106.31590007136,66.58534161465586,3.965224552407623
68,EG,T1,Control,5.031883294599808,6.762742610604552,775.8816980244872,100.0,2.6404419239223387
68,EG,T1,Mismatch,15.288277401221162,14.310441651960476,1775.5911139233808,33.90251602925459,7.238043580391661
68,EG,T1,Target,9.730343043306252,8.564655806355306,1312.3554084499576,79.78961834174486,3.0148880934113484
68,EG,T2,Control,6.964491419942856,3.503249809184168,809.9935955311682,91.98941509715358,3.9748508333117956
68,EG,T2,Mismatch,17.54954536489391,8.337811329148797,1976.7388960182202,31.53976619504941,10.288340272031917
68,EG,T2,Target,10.813617499689451,6.092206476432647,1286.7660783259614,70.77214083664006,7.603616219933327
68,EG,T3,Control,4.773221852641648,0.2979978587787231,487.7203164654031,100.0,1.8792650806069249
68,EG,T3,Mismatch,8.649371780102424,2.3762964656662455,1334.2190436280216,34.437524328655485,5.387590580735219
68,EG,T3,Target,6.195965760911942,2.2551230184987254,943.6266088773368,81.38213743646868,4.9326799027747095
69,EG,T1,Control,6.30789016878953,3.7284289358313907,722.6809754233676,100.0,3.9472542537043376
69,EG,T1,Mismatch,16.58531729598375,8.956230560712248,1621.766498160109,47.94327412701603,12.944759275583243
69,EG,T1,Target,11.449849400343412,5.997250424334517,1304.8989016467904,87.49070379899315,7.586507818991195
69,EG,T2,Control,4.804038979224505,2.1944179732365487,667.2270154985904,100.0,1.306531186390868
69,EG,T2,Mismatch,13.745966745925527,6.810147453378086,1565.0202832977434,40.62855184381488,5.232769012201627
69,EG,T2,Target,8.005068051163136,5.276460557656463,983.2831300200946,73.11411148342165,3.706514070816035
69,EG,T3,Control,2.216216691495621,1.1690613534967234,578.2066592488077,100.0,2.0344856130587123
69,EG,T3,Mismatch,7.059462116430563,0.0,1610.0819025232179,48.654650264504326,3.717421461115831
69,EG,T3,Target,6.347086897633517,0.0,1092.1338551799179,80.75685605026987,3.9845064303063165
70,EG,T1,Control,8.087885694908513,3.711613851354879,679.6473500570703,100.0,4.37237844390621
70,EG,T1,Mismatch,20.421311692880796,5.964892495893691,1421.4486460173466,30.703022946203028,9.100113529206121
70,EG,T1,Target,13.170693532995852,5.009997967510101,962.8954223912745,64.8280902517879,6.215558403944872
70,EG,T2,Control,7.5757142029830495,2.4767116483328193,759.8600220929072,99.8749109268171,2.760334282612146
70,EG,T2,Mismatch,18.356409820841574,5.642787761583181,1835.254886148057,33.354351064221014,5.582036241468809
70,EG,T2,Target,12.076658437953634,4.338865266956126,1262.2744657509222,76.92249139845659,4.252437197141942
70,EG,T3,Control,4.758953693249824,5.509017124803072,440.56611739935056,100.0,2.7292321732164764
70,EG,T3,Mismatch,12.671157303232913,7.904855829535078,1130.7556667334857,56.316480481609304,7.927775156957771
70,EG,T3,Target,7.309206359634957,5.747730272642768,823.246208505408,93.99949206894384,6.709884657361483
71,EG,T1,Control,3.8983584685651453,7.133612438323263,720.1090371359337,92.20612636293077,2.1633087862051834
71,EG,T1,Mismatch,11.4046347434421,12.480952011655274,1883.6916886835977,39.852382373954775,6.325293282552782
71,EG,T1,Target,7.852481555114336,7.243569617951326,1254.2741705526064,70.91525402254442,4.142981001146583
71,EG,T2,Control,4.48906929828797,3.692246923152713,804.9691520363432,100.0,2.952274736049001
71,EG,T2,Mismatch,7.190574541775463,8.544235583051769,1864.025721804829,43.18705821927273,6.036532269705848
71,EG,T2,Target,6.193293934956107,4.442933472530356,1197.0034837154703,74.26025636425416,2.8304288514008373
71,EG,T3,Control,3.553758861876477,0.0,636.7627635591613,89.85002784621778,0.4169448780710354
71,EG,T3,Mismatch,10.528700469436764,0.0,1717.451073286342,25.70757884636666,3.9277026534805284
71,EG,T3,Target,7.139602652991352,0.0,1098.1039480811166,68.40687617613976,3.2446558141759323
72,EG,T1,Control,3.335665830105375,3.574896768638101,773.3001129276735,98.13646918393742,3.9085528048457365
72,EG,T1,Mismatch,9.272107028358516,6.838054039494638,2006.8459903464038,39.00449212076728,8.301246435284085
72,EG,T1,Target,7.247667516348092,3.2102769634831985,1310.1290047283603,70.88217405825873,5.550490722131955
72,EG,T2,Control,4.89998845119119,2.590799827137527,728.1983853307744,100.0,4.298478021539077
72,EG,T2,Mismatch,12.593953205740469,9.456191256174783,1501.5042429014807,21.05330839624057,8.787039082952044
72,EG,T2,Target,7.515663406227335,6.2002772762071565,1123.0039532468227,59.11016623427056,6.508355185816281
72,EG,T3,Control,2.464352819411292,1.3286862011458775,481.06929338425266,100.0,2.2076231932122194
72,EG,T3,Mismatch,7.672374822601031,1.0534344069147525,1433.4681034200803,51.207996775820504,5.479935866366697
72,EG,T3,Target,4.292025495912734,0.0,916.2990764266519,94.58400476438092,3.228104401549172
73,EG,T1,Control,5.293543673321179,3.056427049197917,579.8914064862226,100.0,3.7243602080911504
73,EG,T1,Mismatch,13.595956263290033,9.45450595892883,1571.2848052756087,48.853770020268,8.5465086644116
73,EG,T1,Target,9.219297429373391,5.6494785587916,1130.5435987638589,87.40521480347286,6.32280768021984
73,EG,T2,Control,5.299617329160242,3.5188537114855074,683.8725782450083,100.0,1.9834594253581543
73,EG,T2,Mismatch,13.391993283236966,8.560477427708065,1652.3428209606593,34.33557770115995,5.2519076186075795
73,EG,T2,Target,8.94870688391449,6.9486560560864365,1202.0885848777332,68.04483871251838,3.755166407996093
73,EG,T3,Control,2.4964500436111776,2.7766289155927995,509.8641389714282,100.0,2.1836640153260944
73,EG,T3,Mismatch,10.40537226979716,5.565026234394037,1582.6859262159426,47.7848657259225,5.627648974471642
73,EG,T3,Target,6.686157227167665,2.9571161343792856,1071.219486883562,78.02960271251304,2.69224341068975
74,EG,T1,Control,5.2078387503299695,4.607861329371028,495.497746084606,100.0,3.0180157021299348
74,EG,T1,Mismatch,14.092870322766919,11.334029307598234,1315.991396309286,35.767016824614224,8.973104963320441
74,EG,T1,Target,9.805488392715748,6.185895621956986,944.6473740728544,74.79995317026493,5.062280473504174
74,EG,T2,Control,6.511058624345181,0.4264862899542981,863.8884701068104,97.18728328792668,3.1202401260110086
74,EG,T2,Mismatch,14.656615415949053,0.6217094181307792,2031.0181195240266,37.52098204022512,9.821140350491312
74,EG,T2,Target,10.53522826907609,1.6494393221852868,1418.7376839771928,78.26323272383782,8.32226569932075
74,EG,T3,Control,0.6266351092117664,2.5132860884433046,510.4371131865192,100.0,4.3286756527950985
74,EG,T3,Mismatch,5.372902534407712,7.533991516810981,1253.4005815047594,33.21181402813341,8.568652027720645
74,EG,T3,Target,4.090755773149483,4.518725788704655,792.3221153429948,80.1862219726995,6.498756840141393
75,EG,T1,Control,4.986370805977963,4.3298064525470386,801.2931198509582,96.91737261652568,1.9336747320435383
75,EG,T1,Mismatch,12.75069799793424,12.101078310774804,2044.2180422876763,41.42549698645886,7.0063464913274185
75,EG,T1,Target,8.73848694740372,7.550608920980518,1168.6751080298172,71.47803842913369,5.655550989672329
75,EG,T2,Control,5.1645914207439905,6.662392662717516,691.6543039672204,100.0,3.1588116494726437
75,EG,T2,Mismatch,10.172938786377937,15.134667942411642,1555.1421803290318,31.93688913785521,8.815361895839333
75,EG,T2,Target,8.326508714664145,10.692821792389427,1072.5888354307135,78.80531513843411,5.037276997242048
75,EG,T3,Control,4.1302598014357494,3.573285757246929,622.964558943942,100.0,3.401816091466105
75,EG,T3,Mismatch,12.900764640571841,7.392378586866779,1497.7743732569343,31.674658714524757,8.222257529259897
75,EG,T3,Target,8.719058486758744,4.104095570170747,1082.3527092421912,65.714340044211,5.875355312573946
76,EG,T1,Control,3.9992385664305337,4.945377366681158,756.6138513099204,92.90264914813967,3.4514992024553712
76,EG,T1,Mismatch,9.910283765126568,11.626210994456025,1545.5575649847517,25.19790355556257,8.299999884946414
76,EG,T1,Target,5.847538159693986,8.265967567989446,1037.6481258445888,64.16182960335851,5.637790340034545
76,EG,T2,Control,5.570996640099987,2.8815216207594054,760.3766569837603,99.15924953533762,1.9398892701950847
76,EG,T2,Mismatch,12.988112182612776,9.984278863005978,1892.5399766205412,45.37526636922104,4.482206821236707
76,EG,T2,Target,7.544431108451441,4.7469403144186035,1248.1788471679754,72.89281580827956,4.425209946827452
76,EG,T3,Control,3.1143690554929915,1.7703476360622632,493.42197296361996,100.0,1.5358501432472909
76,EG,T3,Mismatch,12.678238158678187,8.98577872625881,1280.2003013561314,42.959213977475635,7.451721352453896
76,EG,T3,Target,7.412115681405859,6.48456456814451,908.4021795946159,86.74636049971734,4.149367930008048
77,EG,T1,Control,5.403881325746739,6.411062736068489,718.0516649714592,100.0,3.792026189873444
77,EG,T1,Mismatch,11.14328312255626,16.537164053305148,1683.9437730031282,35.89523625092211,6.508465355715619
77,EG,T1,Target,8.462486465239069,10.034286993439693,1202.8509489902772,65.61240722756516,7.409257408615513
77,EG,T2,Control,6.32775763550032,1.7138484750873058,525.2582548124237,100.0,2.841838003935057
77,EG,T2,Mismatch,11.14265835291046,3.7778084295859626,1373.0480008390757,40.39822568099999,4.635136335460923
77,EG,T2,Target,8.059909233452785,2.267095376776514,874.4030547164073,85.83554547899585,4.654264353743024
77,EG,T3,Control,1.3683415959794871,0.20796536818481665,472.07865818570207,95.22868381313863,3.9788388345847543
77,EG,T3,Mismatch,5.380026478118014,0.0,1241.1359373864864,26.170657237425367,8.720026322628382
77,EG,T3,Target,2.256470501150437,0.5633522760985336,1006.9973716743818,72.52140851673899,6.668260558228761
78,EG,T1,Control,5.674861681948643,3.0848241216601657,957.5090868076453,100.0,1.81513799175133
78,EG,T1,Mismatch,18.173126554599225,6.327103288676145,2196.9683224677856,45.50480256436667,7.43551254158036
78,EG,T1,Target,13.37565835188192,6.676035835809177,1361.5819007994394,84.45950358628168,5.694356396699646
78,EG,T2,Control,1.7625012463543293,6.789003726364809,542.800803633545,86.36383353278377,3.2301706100823844
78,EG,T2,Mismatch,0.8633550078867638,14.443011441082433,1292.8847392803098,32.11711796978701,9.980578001304337
78,EG,T2,Target,0.9523356728465102,10.951550662717512,933.9449635582914,67.88700848867961,6.431072547570607
78,EG,T3,Control,7.04532393279103,4.970719707222944,677.3340264099497,100.0,2.779010763270844
78,EG,T3,Mismatch,19.731259199123194,9.344118507919877,1620.6563973778404,45.40429039309602,5.597014690240631
78,EG,T3,Target,12.06594323354777,7.148181233425271,1123.7062161932577,83.10080074487834,4.870533951388578
79,EG,T1,Control,6.390452413863204,5.024058378335341,700.7868043801188,96.66813873046044,3.1846700488657134
79,EG,T1,Mismatch,15.947709180667605,11.616654648431442,1739.398921818215,24.98600724080038,5.6330368373806525
79,EG,T1,Target,11.505887833837724,6.603553011104926,1137.050708169179,74.37786981427479,4.62985460783334
79,EG,T2,Control,5.5128315338951435,0.7209498466342601,720.0014418739061,95.16339883941234,2.067685376443139
79,EG,T2,Mismatch,9.06517677281721,3.113264518034993,1560.2335716894027,38.47419029306178,3.350859251140213
79,EG,T2,Target,8.152877465484131,1.7832736604383381,976.8171541646516,58.88949926355061,2.665243835809454
79,EG,T3,Control,3.298668644053891,5.23026839483356,734.3694840840494,89.52563714165544,1.5889433542041762
79,EG,T3,Mismatch,8.961631366312437,8.406310287021348,1737.2807670412121,23.243399831622856,3.6115625902357715
79,EG,T3,Target,6.591374855891625,6.644007393108224,1099.322325845772,68.95872113644536,1.601402948647521
80,EG,T1,Control,7.56275531768238,3.0628827139916273,594.2311990709594,100.0,3.6421161916064015
80,EG,T1,Mismatch,18.93742296127168,8.096446120627908,1607.1223073525023,39.89384981083354,6.883303112491191
80,EG,T1,Target,11.349750119912093,4.769290451751295,1153.136432177814,76.80641085216767,3.3832432217277844
80,EG,T2,Control,3.0478800029376227,1.6579711014157184,603.7646055891424,100.0,0.06484681373565149
80,EG,T2,Mismatch,12.414374169789808,5.37007915760587,1484.3612041862546,38.1591358213309,3.401355421425769
80,EG,T2,Target,8.444005152019876,2.8931073421302838,1007.6043146016818,76.69619377898758,1.5831147763324493
80,EG,T3,Control,4.217072636004491,3.1397225580367127,753.274535816497,100.0,2.7344746049173616
80,EG,T3,Mismatch,13.044809579324472,4.474742961465613,1544.9011045936998,29.995998268786288,9.004942809420026
80,EG,T3,Target,8.727056464669268,2.4378786330013886,1069.5410096220348,77.29302596102907,4.672192825287386
